{
	"credit": "Yuushya",
	"ambientocclusion": false,
	"texture_size": [32, 32],
	"textures": {
		"0": "block/maple",
		"particle": "block/maple"
	},
	"elements": [
		{
			"from": [7, -11, -2],
			"to": [7, 9, 19],
			"rotation": {"angle": -45, "axis": "y", "origin": [10, 20, 9]},
			"faces": {
				"north": {"uv": [0, 0, 0, 16], "texture": "#missing"},
				"east": {"uv": [13, 5, 2.5, 15], "texture": "#0"},
				"south": {"uv": [0, 0, 0, 16], "texture": "#missing"},
				"west": {"uv": [2.5, 5, 13, 15], "texture": "#0"},
				"up": {"uv": [0, 0, 16, 0], "rotation": 270, "texture": "#missing"},
				"down": {"uv": [0, 0, 16, 0], "rotation": 90, "texture": "#missing"}
			}
		},
		{
			"from": [13, -7, 3],
			"to": [13, 13, 24],
			"rotation": {"angle": 45, "axis": "y", "origin": [10, 24, 13]},
			"faces": {
				"north": {"uv": [0, 0, 0, 16], "texture": "#missing"},
				"east": {"uv": [2.5, 5, 13, 15], "texture": "#0"},
				"south": {"uv": [0, 0, 0, 16], "texture": "#missing"},
				"west": {"uv": [13, 5, 2.5, 15], "texture": "#0"},
				"up": {"uv": [0, 0, 16, 0], "rotation": 90, "texture": "#missing"},
				"down": {"uv": [0, 0, 16, 0], "rotation": 270, "texture": "#missing"}
			}
		},
		{
			"from": [7, -15, 12],
			"to": [7, 6, 32],
			"rotation": {"angle": -45, "axis": "x", "origin": [10, -4, 1]},
			"faces": {
				"north": {"uv": [0, 0, 16, 0], "rotation": 90, "texture": "#missing"},
				"east": {"uv": [13, 5, 2.5, 15], "rotation": 90, "texture": "#0"},
				"south": {"uv": [0, 0, 16, 0], "rotation": 90, "texture": "#missing"},
				"west": {"uv": [2.5, 5, 13, 15], "rotation": 270, "texture": "#0"},
				"up": {"uv": [0, 0, 0, 16], "texture": "#missing"},
				"down": {"uv": [0, 0, 0, 16], "rotation": 180, "texture": "#missing"}
			}
		},
		{
			"from": [13, 7, -1],
			"to": [13, 27, 20],
			"rotation": {"angle": -45, "axis": "z", "origin": [10, 10, 9]},
			"faces": {
				"north": {"uv": [0, 0, 0, 16], "rotation": 180, "texture": "#missing"},
				"east": {"uv": [13, 5, 2.5, 15], "rotation": 180, "texture": "#0"},
				"south": {"uv": [0, 0, 0, 16], "rotation": 180, "texture": "#missing"},
				"west": {"uv": [13, 5, 2.5, 15], "rotation": 180, "texture": "#0"},
				"up": {"uv": [0, 0, 16, 0], "rotation": 90, "texture": "#missing"},
				"down": {"uv": [0, 0, 16, 0], "rotation": 270, "texture": "#missing"}
			}
		},
		{
			"from": [4, 12, -2],
			"to": [4, 32, 19],
			"rotation": {"angle": 45, "axis": "z", "origin": [12, 15, 9]},
			"faces": {
				"north": {"uv": [0, 0, 0, 16], "rotation": 180, "texture": "#missing"},
				"east": {"uv": [3, 5, 13.5, 15], "rotation": 180, "texture": "#0"},
				"south": {"uv": [0, 0, 0, 16], "rotation": 180, "texture": "#missing"},
				"west": {"uv": [3, 5, 13.5, 15], "rotation": 180, "texture": "#0"},
				"up": {"uv": [0, 0, 16, 0], "rotation": 270, "texture": "#missing"},
				"down": {"uv": [0, 0, 16, 0], "rotation": 90, "texture": "#missing"}
			}
		},
		{
			"from": [-14, 5, -2],
			"to": [6, 5, 19],
			"rotation": {"angle": 22.5, "axis": "z", "origin": [3, 15, 9]},
			"faces": {
				"north": {"uv": [0, 0, 0, 16], "rotation": 270, "texture": "#missing"},
				"east": {"uv": [0, 0, 16, 0], "texture": "#missing"},
				"south": {"uv": [0, 0, 0, 16], "rotation": 90, "texture": "#missing"},
				"west": {"uv": [0, 0, 16, 0], "rotation": 180, "texture": "#missing"},
				"up": {"uv": [2.5, 5, 13, 15], "rotation": 90, "texture": "#0"},
				"down": {"uv": [13, 5, 2.5, 15], "rotation": 90, "texture": "#0"}
			}
		},
		{
			"from": [9, -2, -10],
			"to": [9, 19, 10],
			"rotation": {"angle": 22.5, "axis": "x", "origin": [7, 16, 2]},
			"faces": {
				"north": {"uv": [0, 0, 16, 0], "rotation": 270, "texture": "#missing"},
				"east": {"uv": [13, 5, 2.5, 15], "rotation": 270, "texture": "#0"},
				"south": {"uv": [0, 0, 16, 0], "rotation": 270, "texture": "#missing"},
				"west": {"uv": [2.5, 5, 13, 15], "rotation": 90, "texture": "#0"},
				"up": {"uv": [0, 0, 0, 16], "rotation": 180, "texture": "#missing"},
				"down": {"uv": [0, 0, 0, 16], "texture": "#missing"}
			}
		}
	],
	"display": {
		"thirdperson_righthand": {
			"rotation": [75, 45, 0],
			"translation": [0, 2.5, 0],
			"scale": [0.375, 0.375, 0.375]
		},
		"thirdperson_lefthand": {
			"rotation": [75, 45, 0],
			"translation": [0, 2.5, 0],
			"scale": [0.375, 0.375, 0.375]
		},
		"firstperson_righthand": {
			"rotation": [0, 45, 0],
			"scale": [0.4, 0.4, 0.4]
		},
		"firstperson_lefthand": {
			"rotation": [0, 225, 0],
			"scale": [0.4, 0.4, 0.4]
		},
		"ground": {
			"translation": [0, 3, 0],
			"scale": [0.25, 0.25, 0.25]
		},
		"gui": {
			"rotation": [30, 225, 0],
			"scale": [0.6, 0.6, 0.6]
		},
		"fixed": {
			"scale": [0.5, 0.5, 0.5]
		}
	}
}