{
	"credit": "Yuushya",
	"ambientocclusion": false,
	"texture_size": [32, 32],
	"textures": {
		"0": "block/oak_leaves_gs_branch_medium",
		"particle": "block/oak_leaves_gs_branch_medium"
	},
	"elements": [
		{
			"from": [5, -10, -2],
			"to": [5, 5, 19],
			"rotation": {"angle": 22.5, "axis": "z", "origin": [2, 21, 8]},
			"faces": {
				"north": {"uv": [0, 0, 0, 16], "texture": "#missing", "tintindex": 0},
				"east": {"uv": [13, 7.5, 2.5, 15], "texture": "#0", "tintindex": 0},
				"south": {"uv": [0, 0, 0, 16], "texture": "#missing", "tintindex": 0},
				"west": {"uv": [13, 7.5, 2.5, 15], "texture": "#0", "tintindex": 0},
				"up": {"uv": [0, 0, 16, 0], "rotation": 90, "texture": "#missing", "tintindex": 0},
				"down": {"uv": [0, 0, 16, 0], "rotation": 270, "texture": "#missing", "tintindex": 0}
			}
		},
		{
			"from": [-5, -8, 5],
			"to": [16, 7, 5],
			"rotation": {"angle": -22.5, "axis": "x", "origin": [6, 23, 2]},
			"faces": {
				"north": {"uv": [13, 7.5, 2.5, 15], "texture": "#0", "tintindex": 0},
				"east": {"uv": [0, 0, 0, 16], "texture": "#missing", "tintindex": 0},
				"south": {"uv": [13, 7.5, 2.5, 15], "texture": "#0", "tintindex": 0},
				"west": {"uv": [0, 0, 0, 16], "texture": "#missing", "tintindex": 0},
				"up": {"uv": [0, 0, 16, 0], "rotation": 180, "texture": "#missing", "tintindex": 0},
				"down": {"uv": [0, 0, 16, 0], "rotation": 180, "texture": "#missing", "tintindex": 0}
			}
		},
		{
			"from": [-13, -16, 5],
			"to": [2, 5, 5],
			"rotation": {"angle": -45, "axis": "z", "origin": [18, -5, 8]},
			"faces": {
				"north": {"uv": [2.5, 7.5, 13, 15], "rotation": 270, "texture": "#0", "tintindex": 0},
				"east": {"uv": [0, 0, 16, 0], "rotation": 90, "texture": "#missing", "tintindex": 0},
				"south": {"uv": [2.5, 7.5, 13, 15], "rotation": 90, "texture": "#0", "tintindex": 0},
				"west": {"uv": [0, 0, 16, 0], "rotation": 90, "texture": "#missing", "tintindex": 0},
				"up": {"uv": [0, 0, 0, 16], "rotation": 90, "texture": "#missing", "tintindex": 0},
				"down": {"uv": [0, 0, 0, 16], "rotation": 90, "texture": "#missing", "tintindex": 0}
			}
		},
		{
			"from": [-1, 5, 11],
			"to": [20, 20, 11],
			"rotation": {"angle": 45, "axis": "x", "origin": [10, 8, 8]},
			"faces": {
				"north": {"uv": [13, 7.5, 2.5, 15], "rotation": 180, "texture": "#0", "tintindex": 0},
				"east": {"uv": [0, 0, 0, 16], "rotation": 180, "texture": "#missing", "tintindex": 0},
				"south": {"uv": [13, 7.5, 2.5, 15], "rotation": 180, "texture": "#0", "tintindex": 0},
				"west": {"uv": [0, 0, 0, 16], "rotation": 180, "texture": "#missing", "tintindex": 0},
				"up": {"uv": [0, 0, 16, 0], "rotation": 180, "texture": "#missing", "tintindex": 0},
				"down": {"uv": [0, 0, 16, 0], "rotation": 180, "texture": "#missing", "tintindex": 0}
			}
		},
		{
			"from": [1, 12, 3],
			"to": [22, 27, 3],
			"rotation": {"angle": -45, "axis": "x", "origin": [11, 15, 11]},
			"faces": {
				"north": {"uv": [3, 7.5, 13.5, 15], "rotation": 180, "texture": "#0", "tintindex": 0},
				"east": {"uv": [0, 0, 0, 16], "rotation": 180, "texture": "#missing", "tintindex": 0},
				"south": {"uv": [3, 7.5, 13.5, 15], "rotation": 180, "texture": "#0", "tintindex": 0},
				"west": {"uv": [0, 0, 0, 16], "rotation": 180, "texture": "#missing", "tintindex": 0},
				"up": {"uv": [0, 0, 16, 0], "texture": "#missing", "tintindex": 0},
				"down": {"uv": [0, 0, 16, 0], "texture": "#missing", "tintindex": 0}
			}
		},
		{
			"from": [0, 5, -11],
			"to": [21, 5, 5],
			"rotation": {"angle": -22.5, "axis": "x", "origin": [10, 15, 2]},
			"faces": {
				"north": {"uv": [0, 0, 16, 0], "rotation": 180, "texture": "#missing", "tintindex": 0},
				"east": {"uv": [0, 0, 0, 16], "rotation": 270, "texture": "#missing", "tintindex": 0},
				"south": {"uv": [0, 0, 16, 0], "texture": "#missing", "tintindex": 0},
				"west": {"uv": [0, 0, 0, 16], "rotation": 90, "texture": "#missing", "tintindex": 0},
				"up": {"uv": [2.5, 7.5, 13, 15.5], "rotation": 180, "texture": "#0", "tintindex": 0},
				"down": {"uv": [2.5, 7.5, 13, 15.5], "rotation": 180, "texture": "#0", "tintindex": 0}
			}
		},
		{
			"from": [12, -4, -5],
			"to": [12, 17, 10],
			"rotation": {"angle": 22.5, "axis": "x", "origin": [5, 13, 3]},
			"faces": {
				"north": {"uv": [0, 0, 16, 0], "rotation": 270, "texture": "#missing", "tintindex": 0},
				"east": {"uv": [2.5, 15, 13, 7.5], "rotation": 90, "texture": "#0", "tintindex": 0},
				"south": {"uv": [0, 0, 16, 0], "rotation": 270, "texture": "#missing", "tintindex": 0},
				"west": {"uv": [2.5, 7.5, 13, 15], "rotation": 90, "texture": "#0", "tintindex": 0},
				"up": {"uv": [0, 0, 0, 16], "rotation": 180, "texture": "#missing", "tintindex": 0},
				"down": {"uv": [0, 0, 0, 16], "texture": "#missing", "tintindex": 0}
			}
		}
	],
	"display": {
		"thirdperson_righthand": {
			"rotation": [75, 45, 0],
			"translation": [0, 2.5, 0],
			"scale": [0.375, 0.375, 0.375]
		},
		"thirdperson_lefthand": {
			"rotation": [75, 45, 0],
			"translation": [0, 2.5, 0],
			"scale": [0.375, 0.375, 0.375]
		},
		"firstperson_righthand": {
			"rotation": [0, 45, 0],
			"scale": [0.4, 0.4, 0.4]
		},
		"firstperson_lefthand": {
			"rotation": [0, 225, 0],
			"scale": [0.4, 0.4, 0.4]
		},
		"ground": {
			"translation": [0, 3, 0],
			"scale": [0.25, 0.25, 0.25]
		},
		"gui": {
			"rotation": [30, 225, 0],
			"translation": [0, 1, 0],
			"scale": [0.625, 0.625, 0.625]
		},
		"fixed": {
			"scale": [0.5, 0.5, 0.5]
		}
	}
}