{
	"credit": "Yuushya",
	"ambientocclusion": false,
	"texture_size": [32, 32],
	"textures": {
		"0": "block/pine",
		"particle": "block/pine"
	},
	"elements": [
		{
			"from": [6, -9, -2],
			"to": [6, 6, 19],
			"rotation": {"angle": 22.5, "axis": "z", "origin": [3, 22, 8]},
			"faces": {
				"north": {"uv": [0, 0, 0, 16], "texture": "#missing"},
				"east": {"uv": [13, 7.5, 2.5, 15], "texture": "#0"},
				"south": {"uv": [0, 0, 0, 16], "texture": "#missing"},
				"west": {"uv": [13, 7.5, 2.5, 15], "texture": "#0"},
				"up": {"uv": [0, 0, 16, 0], "rotation": 90, "texture": "#missing"},
				"down": {"uv": [0, 0, 16, 0], "rotation": 270, "texture": "#missing"}
			}
		},
		{
			"from": [-5, -8, 5],
			"to": [16, 7, 5],
			"rotation": {"angle": -22.5, "axis": "x", "origin": [6, 23, 2]},
			"faces": {
				"north": {"uv": [13, 7.5, 2.5, 15], "texture": "#0"},
				"east": {"uv": [0, 0, 0, 16], "texture": "#missing"},
				"south": {"uv": [13, 7.5, 2.5, 15], "texture": "#0"},
				"west": {"uv": [0, 0, 0, 16], "texture": "#missing"},
				"up": {"uv": [0, 0, 16, 0], "rotation": 180, "texture": "#missing"},
				"down": {"uv": [0, 0, 16, 0], "rotation": 180, "texture": "#missing"}
			}
		},
		{
			"from": [-13, 10, 7],
			"to": [2, 31, 7],
			"rotation": {"angle": 45, "axis": "z", "origin": [18, 21, 10]},
			"faces": {
				"north": {"uv": [2.5, 7.5, 13, 15], "rotation": 270, "texture": "#0"},
				"east": {"uv": [0, 0, 16, 0], "rotation": 90, "texture": "#missing"},
				"south": {"uv": [2.5, 7.5, 13, 15], "rotation": 90, "texture": "#0"},
				"west": {"uv": [0, 0, 16, 0], "rotation": 90, "texture": "#missing"},
				"up": {"uv": [0, 0, 0, 16], "rotation": 90, "texture": "#missing"},
				"down": {"uv": [0, 0, 0, 16], "rotation": 90, "texture": "#missing"}
			}
		},
		{
			"from": [-1, 5, 11],
			"to": [20, 20, 11],
			"rotation": {"angle": 45, "axis": "x", "origin": [10, 8, 8]},
			"faces": {
				"north": {"uv": [13, 7.5, 2.5, 15], "rotation": 180, "texture": "#0"},
				"east": {"uv": [0, 0, 0, 16], "rotation": 180, "texture": "#missing"},
				"south": {"uv": [13, 7.5, 2.5, 15], "rotation": 180, "texture": "#0"},
				"west": {"uv": [0, 0, 0, 16], "rotation": 180, "texture": "#missing"},
				"up": {"uv": [0, 0, 16, 0], "rotation": 180, "texture": "#missing"},
				"down": {"uv": [0, 0, 16, 0], "rotation": 180, "texture": "#missing"}
			}
		},
		{
			"from": [-3, 11, 0],
			"to": [12, 11, 21],
			"rotation": {"angle": 22.5, "axis": "z", "origin": [9, 3, 10]},
			"faces": {
				"north": {"uv": [0, 0, 0, 16], "rotation": 270, "texture": "#missing"},
				"east": {"uv": [0, 0, 16, 0], "rotation": 180, "texture": "#missing"},
				"south": {"uv": [0, 0, 0, 16], "rotation": 90, "texture": "#missing"},
				"west": {"uv": [0, 0, 16, 0], "texture": "#missing"},
				"up": {"uv": [3, 7.5, 13.5, 15], "rotation": 90, "texture": "#0"},
				"down": {"uv": [3, 7.5, 13.5, 15], "rotation": 90, "texture": "#0"}
			}
		},
		{
			"from": [-3, 5, -14],
			"to": [18, 5, 2],
			"rotation": {"angle": -45, "axis": "x", "origin": [7, 15, -1]},
			"faces": {
				"north": {"uv": [0, 0, 16, 0], "rotation": 180, "texture": "#missing"},
				"east": {"uv": [0, 0, 0, 16], "rotation": 270, "texture": "#missing"},
				"south": {"uv": [0, 0, 16, 0], "texture": "#missing"},
				"west": {"uv": [0, 0, 0, 16], "rotation": 90, "texture": "#missing"},
				"up": {"uv": [2.5, 7.5, 13, 15.5], "rotation": 180, "texture": "#0"},
				"down": {"uv": [2.5, 7.5, 13, 15.5], "rotation": 180, "texture": "#0"}
			}
		},
		{
			"from": [12, -9, -11],
			"to": [12, 12, 4],
			"rotation": {"angle": -45, "axis": "x", "origin": [5, 8, -3]},
			"faces": {
				"north": {"uv": [0, 0, 16, 0], "rotation": 270, "texture": "#missing"},
				"east": {"uv": [2.5, 15, 13, 7.5], "rotation": 90, "texture": "#0"},
				"south": {"uv": [0, 0, 16, 0], "rotation": 270, "texture": "#missing"},
				"west": {"uv": [2.5, 7.5, 13, 15], "rotation": 90, "texture": "#0"},
				"up": {"uv": [0, 0, 0, 16], "rotation": 180, "texture": "#missing"},
				"down": {"uv": [0, 0, 0, 16], "texture": "#missing"}
			}
		}
	],
	"display": {
		"thirdperson_righthand": {
			"rotation": [75, 45, 0],
			"translation": [0, 2.5, 0],
			"scale": [0.375, 0.375, 0.375]
		},
		"thirdperson_lefthand": {
			"rotation": [75, 45, 0],
			"translation": [0, 2.5, 0],
			"scale": [0.375, 0.375, 0.375]
		},
		"firstperson_righthand": {
			"rotation": [0, 45, 0],
			"scale": [0.4, 0.4, 0.4]
		},
		"firstperson_lefthand": {
			"rotation": [0, 225, 0],
			"scale": [0.4, 0.4, 0.4]
		},
		"ground": {
			"translation": [0, 3, 0],
			"scale": [0.25, 0.25, 0.25]
		},
		"gui": {
			"rotation": [30, 225, 0],
			"translation": [0, 1, 0],
			"scale": [0.625, 0.625, 0.625]
		},
		"fixed": {
			"scale": [0.5, 0.5, 0.5]
		}
	}
}